﻿City,Manger
Leeds,raj
West Bromwich,Kumar
Le Bouscat,rao
Strasbourg,Mohan
Aachen,prasad
Thiais,raj
Delhi,Kumar
Milan,rao
Brandenburg,Mohan
Heilbronn,prasad
Mumbai,raj
Swindon,Kumar
Puertollano,rao
Hyderabad,Mohan
Sonneberg,prasad
Alphen aan den Rijn,raj
Littlehampton,Kumar
Taverny,rao
Pune,Mohan
Nacka,prasad
Manchester,raj
Viroflay,Kumar
Murcia,rao
Karlsruhe,Mohan
Madrid,prasad
Rome,raj
Stuttgart,Kumar
Mansfield,rao
Newcastle upon Tyne,Mohan
Paris,prasad
Dijon,raj
Hasselt,Kumar
Vienna,rao
Sabadell,Mohan
Argentan,prasad
Stourbridge,raj
Nuremberg,Kumar
Southend-on-Sea,rao
Cambridge,Mohan
Rugby,prasad
Bayeux,raj
Saint-Genis-Laval,Kumar
Pantin,rao
Hamburg,Mohan
Beaune,prasad
Antibes,raj
Houilles,Kumar
Cesena,rao
Namur,Mohan
Marano di Napoli,prasad
London,raj
Dundee,Kumar
Wiesbaden,rao
Vitry-sur-Seine,Mohan
Villiers-le-Bel,prasad
Castelldefels,raj
Abbeville,Kumar
Tarragona,rao
Durrus,Mohan
Santander,prasad
Amadora,raj
Berlin,Kumar
San Fernando,rao
Brest,Mohan
Trier,prasad
Ulm,raj
Nancy,Kumar
Cannes,rao
Alkmaar,Mohan
Pontault-Combault,prasad
Sheffield,raj
Marseille,Kumar
Basildon,rao
San Sebastian,Mohan
Granada,prasad
Barry,raj
Bedford,Kumar
Pessac,rao
Irun,Mohan
Mantes-la-Jolie,prasad
Celle,raj
Bisceglie,Kumar
Albertville,rao
Birmingham,Mohan
Perpignan,prasad
Vigneux-sur-Seine,raj
Estepona,Kumar
Fontenay-aux-Roses,rao
Deuil-la-Barre,Mohan
Burgos,prasad
Moncalieri,raj
Chilly-Mazarin,Kumar
Amiens,rao
Chester,Mohan
Sant Boi de Llobregat,prasad
Metz,raj
Antony,Kumar
Drancy,rao
Arnsberg,Mohan
Offenbach,prasad
Cerignola,raj
Grasse,Kumar
Munich,rao
Gateshead,Mohan
Issy-les-Moulineaux,prasad
Saint-Nazaire,raj
Chemnitz,Kumar
Naples,rao
Coulommiers,Mohan
Uppsala,prasad
Bergen op Zoom,raj
Saint-Brieuc,Kumar
Trapani,rao
Poole,Mohan
Evry,prasad
Aulnay-sous-Bois,raj
Haguenau,Kumar
Harrogate,rao
Ermont,Mohan
Colmar,prasad
Palma de Mallorca,raj
Capelle aan den IJssel,Kumar
Stockholm,rao
Castellammare di Stabia,Mohan
Belfort,prasad
Burnley,raj
Linz,Kumar
Salzburg,rao
Alicante,Mohan
Montfermeil,prasad
Vitoria,raj
Sittard,Kumar
Bergheim,rao
Bergisch Gladbach,Mohan
Dresden,prasad
Bielefeld,raj
Rudge,Kumar
Northampton,rao
Champigny-sur-Marne,Mohan
Avignon,prasad
Bolzano,raj
Washington,Kumar
Talence,rao
Palaiseau,Mohan
Pertuis,prasad
Karlstad,raj
Dewsbury,Kumar
Huddinge,rao
Delft,Mohan
Dordrecht,prasad
Amstelveen,raj
Livry-Gargan,Kumar
Schiltigheim,rao
Ludwigsfelde,Mohan
Levallois-Perret,prasad
Taranto,raj
Tours,Kumar
Woking,rao
Bezons,Mohan
Vincennes,prasad
Sarcelles,raj
Huddersfield,Kumar
La Crau,rao
Stafford,Mohan
Moissy-Cramayel,prasad
Seville,raj
Chartres,Kumar
Turku,rao
Leipzig,Mohan
Limoges,prasad
Assen,raj
Valence,Kumar
Bury,rao
Messina,Mohan
Luton,prasad
Bordeaux,raj
Great Yarmouth,Kumar
Fontaine,rao
Parla,Mohan
Villeneuve-sur-Lot,prasad
Verona,raj
Bochum,Kumar
Apeldoorn,rao
Glasgow,Mohan
Argenteuil,prasad
Sassari,raj
Villeurbanne,Kumar
Bourges,rao
Mont-de-Marsan,Mohan
Esbjerg,prasad
Nice,raj
Pforzheim,Kumar
Florence,rao
Matosinhos,Mohan
Ravenna,prasad
Augsburg,raj
Pozzuoli,Kumar
Sandnes,rao
Valencia,Mohan
Rimini,prasad
Neubrandenburg,raj
Wetzlar,Kumar
Edinburgh,rao
Antwerp,Mohan
Les Lilas,prasad
Zurich,raj
Magdeburg,Kumar
Saint-Ouen,rao
Slough,Mohan
Catania,prasad
Monza,raj
Saint-Avold,Kumar
Pau,rao
Espoo,Mohan
Carlisle,prasad
Mâcon,raj
Villach,Kumar
Harlow,rao
Cergy,Mohan
Rotherham,prasad
Zwickau,raj
Osny,Kumar
Odense,rao
Arras,Mohan
Gosport,prasad
Lund,raj
Marignane,Kumar
Neuilly-sur-Seine,rao
Leicester,Mohan
Wigan,prasad
Fiumicino,raj
Foggia,Kumar
Muret,rao
Baden-Baden,Mohan
Benidorm,prasad
Cormeilles-en-Parisis,raj
Saint-Malo,Kumar
Nanterre,rao
Domont,Mohan
Conflans-Sainte-Honorine,prasad
Elda,raj
Meyzieu,Kumar
Aprilia,rao
Hankerton,Mohan
Molina de Segura,prasad
Jena,raj
Cagliari,Kumar
Cholet,rao
Colchester,Mohan
Aschaffenburg,prasad
Helsinki,raj
Sevran,Kumar
Maidstone,rao
Las Rozas de Madrid,Mohan
Montesson,prasad
Bari,raj
Avion,Kumar
Eakring,rao
Kiel,Mohan
Saint-Priest,prasad
Saint-Cloud,raj
Clint cum Hamlets,Kumar
Hastings,rao
Le Plessis-Robinson,Mohan
Nantes,prasad
Fareham,raj
Novara,Kumar
Montargis,rao
Montpellier,Mohan
Toulouse,prasad
Saint-Denis,raj
Ercolano,Kumar
Ceuta,rao
Angers,Mohan
Seraing,prasad
South Shields,raj
Epinal,Kumar
Gothenburg,rao
Molfetta,Mohan
Salamanca,prasad
Torrevieja,raj
Genoa,Kumar
Cuxhaven,rao
Yerres,Mohan
Albacete,prasad
Nijmegen,raj
Vicenza,Kumar
Boulogne-Billancourt,rao
Lyon,Mohan
Stoke-on-Trent,prasad
Beauvais,raj
Vannes,Kumar
Hilden,rao
Clamart,Mohan
Gagny,prasad
Lormont,raj
Rennes,Kumar
Lille,rao
Dieppe,Mohan
Quimper,prasad
Wuppertal,raj
Duisburg,Kumar
Amsterdam,rao
Charleroi,Mohan
Pulheim,prasad
Berne,raj
Concarneau,Kumar
Ajaccio,rao
Le Petit-Quevilly,Mohan
Langenhagen,prasad
Siegen,raj
Reutlingen,Kumar
Schwerin,rao
Utrecht,Mohan
Nieuwegein,prasad
Hamm,raj
Genk,Kumar
Oberhausen,rao
Emmen,Mohan
La Roche-sur-Yon,prasad
Graz,raj
Creil,Kumar
Eindhoven,rao
La Rochelle,Mohan
Haarlem,prasad
Bagneux,raj
Dortmund,Kumar
Reims,rao
Ingolstadt,Mohan
Noisy-le-Grand,prasad
Givors,raj
Heerlen,Kumar
The Hague,rao
Mulhouse,Mohan
Vitrolles,prasad
Clermont-Ferrand,raj
Lens,Kumar
Unna,rao
Halle,Mohan
Istres,prasad
Hanover,raj
Offenburg,Kumar
Remscheid,rao
Cagnes-sur-Mer,Mohan
Vanves,prasad
Leeuwarden,raj
Bremen,Kumar
Le Pré-Saint-Gervais,rao
Bry-sur-Marne,Mohan
Bayonne,prasad
Aubervilliers,raj
Zeist,Kumar
Aix-en-Provence,rao
Gonesse,Mohan
Gennevilliers,prasad
Guyancourt,raj
Lippstadt,Kumar
Bonn,rao
Oyonnax,Mohan
Vlaardingen,prasad
Breda,raj
Poitiers,Kumar
Arles,rao
Toulon,Mohan
Purmerend,prasad
Gien,raj
Digne-les-Bains,Kumar
Draguignan,rao
Weimar,Mohan
Rouen,prasad
Bar-le-Duc,raj
Boulogne-sur-Mer,Kumar
Six-Fours-les-Plages,rao
Burgerbrug,Mohan
Innsbruck,prasad
Orsay,raj
Albi,Kumar
Mougins,rao
Krefeld,Mohan
Velbert,prasad
Cologne,raj
Lucerne,Kumar
Geneva,rao
Sarreguemines,Mohan
Laon,prasad
Clichy,raj
Cognac,Kumar
Saint-Pierre-des-Corps,rao
Fresnes,Mohan
Noisy-le-Sec,prasad
Bagnolet,raj
Roissy-en-Brie,Kumar
Frankfurt,rao
Dorsten,Mohan
Essen,prasad
Erfurt,raj
Erlangen,Kumar
Emden,rao
Viersen,Mohan
Montauban,prasad
Rotterdam,raj
Mechelen,Kumar
Leuven,rao
Tourcoing,Mohan
Bonneuil-sur-Marne,prasad
Bourg-en-Bresse,raj
Rillieux-la-Pape,Kumar
Landerneau,rao
Niort,Mohan
Wattrelos,prasad
Le Havre,raj
Saumur,Kumar
Aalen,rao
Moers,Mohan
Euskirchen,prasad
Hildesheim,raj
Tilburg,Kumar
Castrop-Rauxel,rao
Le Mans,Mohan
Hardenberg,prasad
Vichy,raj
Meudon,Kumar
Alfortville,rao
Gap,Mohan
Paderborn,prasad
Athis-Mons,raj
Menton,Kumar
Le Pontet,rao
Eragny,Mohan
Miramas,prasad
Munster,raj
Hazebrouck,Kumar
Saint-Quentin,rao
Gummersbach,Mohan
Lausanne,prasad
Villemomble,raj
Tarbes,Kumar
Cournon-d'Auvergne,rao
Freiburg,Mohan
Stains,prasad
Minden,raj
Slootdorp,Kumar
Douai,rao
Puteaux,Mohan
Villejuif,prasad
Castres,raj
Cottbus,Kumar
Moulins,rao
Marl,Mohan
Arnhem,prasad
Heidelberg,raj
Groningen,Kumar
Wels,rao
Montigny-le-Bretonneux,Mohan
Montreuil,prasad
Fontenay-le-Comte,raj
Saint-Michel-sur-Orge,Kumar
Ghent,rao
Mitry-Mory,Mohan
Limay,prasad
Grigny,raj
Le Blanc-Mesnil,Kumar
Lagny-sur-Marne,rao
Witten,Mohan
Poissy,prasad
Libourne,raj
Solingen,Kumar
Kaiserslautern,rao
Maastricht,Mohan
Carcassonne,prasad
Lisieux,raj
Laval,Kumar
Martigues,rao
Carpentras,Mohan
Maisons-Laffitte,prasad
Le Chesnay,raj
Les Clayes-sous-Bois,Kumar
Gladbeck,rao
Troisdorf,Mohan
Sallanches,prasad
Pontivy,raj
Dinslaken,Kumar
Oss,rao
Les Pennes-Mirabeau,Mohan
Roubaix,prasad
Neuilly-sur-Marne,raj
Rostock,Kumar
Louviers,rao
Schiedam,Mohan
Versailles,prasad
Les Ulis,raj
Corbeil-Essonnes,Kumar
Sindelfingen,rao
Caen,Mohan
Borken,prasad
Hagen,raj
Saint-Chamond,Kumar
Fontainebleau,rao
Vertou,Mohan
Mannheim,prasad
Ennigerloh,raj
Neunkirchen,Kumar
Longjumeau,rao
Neuilly-Plaisance,Mohan
Tremblay-en-France,prasad
Dormagen,raj
La Seyne-sur-Mer,Kumar
Frontignan,rao
Salon-de-Provence,Mohan
Carquefou,prasad
Berck,raj
Forbach,Kumar
Chaumont,rao
Senlis,Mohan
Aix-les-Bains,prasad
Ludwigsburg,raj
Iserlohn,Kumar
Bottrop,rao
St. Gallen,Mohan
Montgeron,prasad
Annecy,raj
Narbonne,Kumar
La Teste-de-Buch,rao
Roanne,Mohan
Bamberg,prasad
Basel,raj
Vesoul,Kumar
Wasquehal,rao
Regensburg,Mohan
Neu-Ulm,prasad
Grevenbroich,raj
Gelsenkirchen,Kumar
Pamiers,rao
Bremerhaven,Mohan
Recklinghausen,prasad
Norderstedt,raj
Willich,Kumar
Enschede,rao
Helmond,Mohan
Kortrijk,prasad
Trappes,raj
Choisy-le-Roi,Kumar
Bastia,rao
Tournai,Mohan
Lorient,prasad
Castelnau-le-Lez,raj
Hattingen,Kumar
Flensburg,rao
Calais,Mohan
Cachan,prasad
Villenave-d'Ornon,raj
Loos,Kumar
Verdun,rao
Montceau-les-Mines,Mohan
Sceaux,prasad
Vernon,raj
Hayange,Kumar
Lohne,rao
Gera,Mohan
Stadtlohn,prasad
Wolfsburg,raj
Kerpen,Kumar
Winterthur,rao
Olivet,Mohan
Maubeuge,prasad
Courbevoie,raj
Oldenburg,Kumar
Zwolle,rao
Doetinchem,Mohan
Uithoorn,prasad
Dole,raj
Douarnenez,Kumar
Les Pavillons-sous-Bois,rao
Villiers-sur-Marne,Mohan
Chelles,prasad
Blanquefort,raj
Firminy,Kumar
Oullins,rao
Mantes-la-Ville,Mohan
Millau,prasad
Sorgues,raj
Pierrefitte-sur-Seine,Kumar
Montrouge,rao
Avon,Mohan
Montbrison,prasad
La Celle-Saint-Cloud,raj
Lattes,Kumar
Colombes,rao
Les Mureaux,Mohan
Auch,prasad
Herford,raj
Saint-Dizier,Kumar
Biarritz,rao
Saint-Cyr-sur-Loire,Mohan
Langenfeld,prasad
Hilversum,raj
Barneveld,Kumar
Roermond,rao
Rochefort,Mohan
Riom,prasad
Thonon-les-Bains,raj
Villeparisis,Kumar
Mont-Saint-Aignan,rao
Brive-la-Gaillarde,Mohan
Cavaillon,prasad
Savigny-le-Temple,raj
Grenoble,Kumar
Malakoff,rao
Suresnes,Mohan
Menden,prasad
Worms,raj
Potsdam,Kumar
Erftstadt,rao
Bron,Mohan
Lanester,prasad
Vallauris,raj
Friedberg,Kumar
Herne,rao
Hamme,Mohan
Carvin,prasad
Gardanne,raj
Voiron,Kumar
La Chapelle-sur-Erdre,rao
Ludwigshafen am Rhein,Mohan
Meaux,prasad
Pontoise,raj
Clichy-sous-Bois,Kumar
Flers,rao
Wilhelmshaven,Mohan
Sucy-en-Brie,prasad
Rueil-Malmaison,raj
Verviers,Kumar
Maisons-Alfort,rao
Rambouillet,Mohan
La Madeleine,prasad
Darmstadt,raj
Toul,Kumar
Villingen-Schwenningen,rao
Hautmont,Mohan
Deventer,prasad
Saint-Laurent-du-Var,raj
Franconville,Kumar
Passau,rao
Greifswald,Mohan
Gradignan,prasad
Goussainville,raj
Ploemeur,Kumar
Mouscron,rao
Koblenz,Mohan
Neuwied,prasad
Herten,raj
Annonay,Kumar
Ivry-sur-Seine,rao
Plaisance-du-Touch,Mohan
Melun,prasad
Rosny-sous-Bois,raj
Bressuire,Kumar
Villeneuve-d'Ascq,rao
Villeneuve-Saint-Georges,Mohan
Amersfoort,prasad
Lons-le-Saunier,raj
Annemasse,Kumar
Issoire,rao
Kalundborg,Mohan
Dublin,prasad
Middlesbrough,raj
Bruree,Kumar
Bergen,rao
Coventry,Mohan
Whitley,prasad
Guildford,raj
York,Kumar
Reading,rao
Blackpool,Mohan
Randers,prasad
Bournemouth,raj
Preston,Kumar
Bognor Regis,rao
Oxford,Mohan
Southport,prasad
Frederiksberg,raj
Garforth,Kumar
Eastbourne,rao
Aylesbury,Mohan
Vantaa,prasad
Stockport,raj
Goring-on-Thames,Kumar
Sunderland,rao
Hove,Mohan
Trawden Forest,prasad
Oslo,raj
Stavanger,Kumar
Dudley,rao
Letchworth,Mohan
Hartlepool,prasad
Oldham,raj
Worcester,Kumar
Wolverhampton,rao
Brighton,Mohan
Basingstoke,prasad
Mickleby,raj
Derby,Kumar
St. Kew,rao
Copenhagen,Mohan
Kingston on Soar,prasad
Stevenage,raj
Graveney with Goodnestone,Kumar
Halmstad,rao
Horsey,Mohan
St. Michael Penkevil,prasad
Liverpool,raj
Redditch,Kumar
Birkenhead,rao
Peterborough,Mohan
Watford,prasad
Nottingham,raj
Dartford,Kumar
Haninge,rao
West Leake,Mohan
Portsmouth,prasad
Bristol,raj
Chelmsford,Kumar
Bath,rao
Helsingborg,Mohan
Knotting,prasad
Cardiff,raj
Rottingdean,Kumar
Hinckley,rao
Hereford,Mohan
Norwich,prasad
Solihull,raj
Weston-super-Mare,Kumar
Darlington,rao
Ashford,Mohan
Solna,prasad
Exeter,raj
Alby with Thwaite,Kumar
Swansea,rao
Warrington,Mohan
Cropton,prasad
Plymouth,raj
Blackburn,Kumar
Crewe,rao
Shrewsbury,Mohan
Wallasey,prasad
Walsall,raj
Gloucester,Kumar
Tamworth,rao
Chesterfield,Mohan
Bideford,prasad
Kotka,raj
Halifax,Kumar
Wooler,rao
Chatham,Mohan
Lincoln,prasad
Dronfield,raj
Livingston,Kumar
Hamar,rao
Kilwinning,Mohan
Southampton,prasad
Cheltenham,raj
Upplands Väsby,Kumar
Barton in Fabis,rao
Battipaglia,Mohan
Bologna,prasad
Altamura,raj
Cartagena,Kumar
Tivoli,rao
Jerez de la Frontera,Mohan
Talavera de la Reina,prasad
Potenza,raj
Turin,Kumar
Pamplona,rao
Reggio nell'Emilia,Mohan
Chieti,prasad
Treviso,raj
Badalona,Kumar
Bilbao,rao
Vigo,Mohan
Batalha,prasad
Valladolid,raj
Elx,Kumar
Portici,rao
Lisbon,Mohan
Majadahonda,prasad
Palermo,raj
Grosseto,Kumar
Perugia,rao
El Ejido,Mohan
Fuenlabrada,prasad
Benevento,raj
Oviedo,Kumar
Civitavecchia,rao
Sesto San Giovanni,Mohan
Rovigo,prasad
Venice,raj
La Spezia,Kumar
Barakaldo,rao
Orihuela,Mohan
Avellino,prasad
Brescia,raj
Pontevedra,Kumar
Como,rao
Getafe,Mohan
Palencia,prasad
Velletri,raj
Pescara,Kumar
Faenza,rao
Girona,Mohan
Trieste,prasad
Paredes,raj
Acireale,Kumar
Ponferrada,rao
Torre del Greco,Mohan
Marsala,prasad
Marbella,raj
Huelva,Kumar
Viterbo,rao
Vigevano,Mohan
Cremona,prasad
Pomezia,raj
Brindisi,Kumar
Vittoria,rao
Prato,Mohan
Quartu Sant'Elena,prasad
Cinisello Balsamo,raj
Manresa,Kumar
Alcobendas,rao
Granollers,Mohan
Latina,prasad
Falconara Marittima,raj
Parma,Kumar
Pistoia,rao
Massa,Mohan
Casoria,prasad
Capua,raj
El Escorial,Kumar
Valdemoro,rao
Coslada,Mohan
Melilla,prasad
Segovia,raj
Ferrara,Kumar
Siena,rao
Modena,Mohan
Carrara,prasad
Crotone,raj
Imola,Kumar
Busto Arsizio,rao
Pisa,Mohan
Asti,prasad
Manfredonia,raj
Arganil,Kumar
Guidonia Montecelio,rao
Fuengirola,Mohan
Reus,prasad
Mijas,raj
Boscoreale,Kumar
Barletta,rao
San Severo,Mohan
Lucca,prasad
Loures,raj
Zamora,Kumar
Terras de Bouro,rao
Vagos,Mohan
Chiclana de la Frontera,prasad
Den Helder,raj
Ris-Orangis,Kumar
Dreux,rao
Friedrichshafen,Mohan
Brussels,prasad
Echirolles,raj
Garbsen,Kumar
Saint-Louis,rao
Chevilly-Larue,Mohan
Massy,prasad
Soissons,raj
Montmorency,Kumar
Villefontaine,rao
Bad Waldsee,Mohan
Venlo,prasad
Roosendaal,raj
Coudekerque-Branche,Kumar
Fontenay-sous-Bois,rao
Saint-Herblain,Mohan
Ratingen,prasad
Almelo,raj
Aalst,Kumar
Roeselare,rao
Chatou,Mohan
Bondy,prasad
Allauch,raj
Rheine,Kumar
Bayreuth,rao
Delmenhorst,Mohan
Auxerre,prasad
Les Herbiers,raj
Thionville,Kumar
Lannion,rao
Schweinfurt,Mohan
Gronau,prasad
Villeneuve-le-Roi,raj
Anglet,Kumar
Mauguio,rao
Rosenheim,Mohan
Spijkenisse,prasad
Torcy,raj
Outreau,Kumar
Vaulx-en-Velin,rao
Agen,Mohan
Evreux,prasad
Cluses,raj
Leverkusen,Kumar
Nogent-sur-Oise,rao
Hengelo,Mohan
Illkirch-Graffenstaden,prasad
Bruges,raj
Agde,Kumar
La Ciotat,rao
Mons-en-Baroeul,Mohan
Valenciennes,prasad
Marly-le-Roi,raj
Sannois,Kumar
Detmold,rao
Le Cannet,Mohan
Saint-Jean-de-la-Ruelle,prasad
Fulda,raj
Peer,Kumar
Dax,rao
Saint-Germain-en-Laye,Mohan
Colomiers,prasad
Blois,raj
Faches-Thumesnil,Kumar
Ronchin,rao
Elbeuf,Mohan
Veenendaal,prasad
Troyes,raj
Bobigny,Kumar
Schiffweiler,rao
Waiblingen,Mohan
Sartrouville,prasad
Langen,raj
Naumburg,Kumar
Lingolsheim,rao
Terneuzen,Mohan
Halluin,prasad
Cambrai,raj
Garches,Kumar
Annecy-le-Vieux,rao
Ipswich,Mohan
Doncaster,prasad
Knook,raj
Landskrona,Kumar
Aberdeen,rao
Clontarf,Mohan
Sonderborg,prasad
Drammen,raj
Kristiansand,Kumar
Halesowen,rao
Kettering,Mohan
Paisley,prasad
Worthing,raj
Bracknell,Kumar
East Kilbride,rao
Gillingham,Mohan
Nuneaton,prasad
Duddington-with-Fineshade,raj
Dunstable,Kumar
Montecatini Terme,rao
Lora del Río,Mohan
Carpi,prasad
Modica,raj
Arezzo,Kumar
Capannori,rao
Vignola,Mohan
Rubí,prasad
Dos Hermanas,raj
El Prat de Llobregat,Kumar
Andria,rao
Lugo,Mohan
Teramo,prasad
Gandia,raj
Getxo,Kumar
Lecce,rao
Trento,Mohan
Piacenza,prasad
Agrigento,raj
Caserta,Kumar
Odivelas,rao
Pesaro,Mohan
Chioggia,prasad
Afragola,raj
Toledo,Kumar
Gela,rao
Cosenza,Mohan
Savona,prasad
Lorca,raj
Fano,Kumar
Alessandria,rao
Ragusa,Mohan
Ponteareas,prasad
Acerra,raj
Santiago de Compostela,Kumar
Foligno,rao
Legnano,Mohan
Treviglio,prasad
Anzio,raj
Varese,Kumar
Guadalajara,rao
Lunel,Mohan
Tournefeuille,prasad
Tulle,raj
Denain,Kumar
La Baule-Escoublac,rao
Klagenfurt,Mohan
Eggenstein-Leopoldshafen,prasad
Montereau-Fault-Yonne,raj
Stralsund,Kumar
Vence,rao
Bergerac,Mohan
Sanary-sur-Mer,prasad
Stolberg,raj
Günzburg,Kumar
Saint-Gratien,rao
Cestas,Mohan
Villeneuve-la-Garenne,prasad
Sète,raj
Leiden,Kumar
Caluire-et-Cuire,rao
Le Creusot,Mohan
Fleury-les-Aubrais,prasad
Bourgoin-Jallieu,raj
Plaisir,Kumar
Wakefield,rao
Northwich,Mohan
Briton Ferry,prasad
Bebington,raj
Widmerpool,Kumar
Kidderminster,rao
Warthill,Mohan
Cumbernauld,prasad
Morley,raj
Clydach,Kumar
Eskilstuna,rao
Gallarate,Mohan
Cercola,prasad
Bergamo,raj
Cártama,Kumar
Ancona,rao
Cuneo,Mohan
Bitonto,prasad
Trani,raj
Badajoz,Kumar
Torremolinos,rao
Cuenca,Mohan
Sagunto,prasad
